run,start_time,end_time,generated_tokens,latency,tokens_per_sec
1,2026-10-01T23:49:09,2026-10-01T23:49:31,128,22.258552699990105,5.750598510389982
2,2026-10-01T23:49:31,2026-10-01T23:49:52,128,21.59813519997988,5.926437575042092
3,2026-10-01T23:49:52,2026-10-01T23:50:13,128,20.504506299999775,6.242530209079035
4,2026-10-01T23:50:13,2026-10-01T23:50:33,128,19.78288829998928,6.470238220981582
5,2026-10-01T23:50:33,2026-10-01T23:50:52,128,19.64568539999891,6.515425519336022
6,2026-10-01T23:50:52,2026-10-01T23:51:13,128,20.851327200012747,6.138697972180963
7,2026-10-01T23:51:13,2026-10-01T23:51:32,128,18.486882800003514,6.92382817507642
8,2026-10-01T23:51:32,2026-10-01T23:51:48,128,15.869872000010218,8.065597504498939
9,2026-10-01T23:51:48,2026-10-01T23:52:05,128,17.771492700005183,7.202546356725716
10,2026-10-01T23:52:05,2026-10-01T23:52:21,128,15.41281679997337,8.304776580502867
11,2026-10-01T23:52:21,2026-10-01T23:52:38,128,17.03271039997344,7.514951936257873
12,2026-10-01T23:52:38,2026-10-01T23:52:54,128,15.796594699990237,8.1030122270643
13,2026-10-01T23:52:54,2026-10-01T23:53:15,128,20.972600399982184,6.10320120341914
14,2026-10-01T23:53:15,2026-10-01T23:53:38,128,23.30710679999902,5.491887135472576
15,2026-10-01T23:53:38,2026-10-01T23:54:06,128,27.86074840000947,4.594277158755595
16,2026-10-01T23:54:06,2026-10-01T23:54:38,128,32.38242239999818,3.952761730388867
17,2026-10-01T23:54:38,2026-10-01T23:55:04,128,25.696131599979708,4.981294538517272
18,2026-10-01T23:55:04,2026-10-01T23:55:35,128,30.729042799997842,4.1654405193515815
19,2026-10-01T23:55:35,2026-10-01T23:55:52,128,17.09990810000454,7.4854203456196355
20,2026-10-01T23:55:52,2026-10-01T23:56:09,128,17.437797500024317,7.3403765584398775
