run,latency,tokens_per_sec,avg_cpu_temp_c,avg_effective_clock_mhz,avg_package_power_w,dynamic_pl1_w,thermal_throttling,power_limit_exceeded,memory_usage_percent
1,22.258552699990105,5.750598510389982,71.0,848.9090909090909,11.923,12.0,False,True,97.3
2,21.59813519997988,5.926437575042092,70.81818181818181,841.7727272727273,11.948636363636364,12.0,False,True,96.48181818181818
3,20.504506299999772,6.242530209079035,70.7,843.36,11.993799999999998,12.0,False,True,96.12
4,19.78288829998928,6.470238220981582,70.3,835.53,11.9782,12.0,False,True,96.15
5,19.64568539999891,6.515425519336022,70.7,837.51,11.967600000000001,12.0,False,True,96.16000000000001
6,20.851327200012747,6.138697972180963,70.1,846.89,11.9834,12.0,False,True,96.21000000000001
7,18.486882800003517,6.92382817507642,69.6,879.9599999999998,12.000300000000001,12.0,False,True,95.25
8,15.869872000010218,8.065597504498939,69.375,879.6125,11.988875,12.0,False,True,94.425
9,17.771492700005183,7.202546356725716,70.0,872.525,12.005374999999999,12.0,False,True,93.9375
10,15.41281679997337,8.304776580502867,69.875,885.3375,12.006125,12.0,False,True,93.42500000000001
11,17.03271039997344,7.514951936257873,70.11111111111111,881.7333333333333,11.990555555555554,12.0,False,True,93.27777777777777
12,15.796594699990235,8.1030122270643,69.625,891.9375,12.00125,12.0,False,True,92.975
13,20.972600399982184,6.10320120341914,69.9,878.28,12.006600000000002,12.0,False,True,93.11
14,23.30710679999902,5.491887135472576,70.41666666666667,843.8333333333334,12.003916666666667,12.0,False,True,93.38333333333334
15,27.86074840000947,4.594277158755595,70.6923076923077,849.0153846153845,11.982461538461537,12.0,False,True,94.20769230769231
16,32.38242239999818,3.952761730388867,70.3125,815.3562499999999,11.991999999999999,12.0,False,True,94.775
17,25.696131599979708,4.981294538517272,70.23076923076923,849.1538461538462,12.016307692307691,12.0,False,True,95.73076923076925
18,30.72904279999784,4.1654405193515815,70.3125,832.3249999999999,11.982125,12.0,False,True,96.84375
19,17.09990810000454,7.4854203456196355,69.5,867.3249999999999,11.9505,12.0,False,True,96.525
20,17.437797500024317,7.340376558439877,70.22222222222223,880.0999999999999,12.059222222222223,12.0,False,True,96.44444444444444
