output_length,run,generated_tokens,latency,tokens_per_sec
16,1,16,1.2211443000123836,13.102464630787487
16,2,16,1.1595471999899019,13.798489617446654
16,3,16,1.177495399984764,13.58816348684422
32,1,32,2.0014493000053335,15.988413995755339
32,2,32,2.0070636000018567,15.943690075376983
32,3,32,1.9982289999898057,16.014180556964817
64,1,64,3.8668964999960735,16.55074036764754
64,2,64,4.577871699992102,13.980295690705011
64,3,64,5.085845199995674,12.58394573237393
128,1,128,10.198692199977813,12.55062879535461
128,2,128,10.393122500012396,12.315836746834009
128,3,128,10.167473000008613,12.58916546912803
256,1,256,23.445058400015114,10.91914533255481
256,2,256,28.788377999997465,8.892477374029983
256,3,256,28.544057000020985,8.968591955930155
