round,position,output_length,generated_tokens,latency,tokens_per_sec
1,1,32,32,2.2567160000035074,14.179896805778958
1,2,128,128,8.41582369999378,15.20944408568048
1,3,64,64,5.145015900023282,12.439222976883395
1,4,256,256,21.70811910001794,11.792822713958136
1,5,16,16,1.4394624000124168,11.11526080838373
2,1,128,128,12.123464700009208,10.558037917980887
2,2,32,32,3.0029925999988336,10.656036914647219
2,3,256,256,34.036627600027714,7.521309191037233
2,4,64,64,7.904977400001371,8.096164829008734
2,5,16,16,1.7051502999966033,9.38333705834135
3,1,128,128,22.18447899998864,5.769799687433071
3,2,64,64,24.35686169998371,2.6275963130357964
3,3,32,32,14.087388200015994,2.2715353297329925
3,4,16,16,5.321228199987672,3.006824627449179
3,5,256,256,33.261716000008164,7.696536161872621
4,1,256,256,32.74998829999822,7.816796685695729
4,2,64,64,8.310456000006525,7.7011417905286725
4,3,32,32,3.6172881000093184,8.846406234526237
4,4,128,128,16.457225700025447,7.777738625763763
4,5,16,16,1.6270695999846794,9.833629735415533
5,1,128,128,17.11939410000923,7.476900131642567
5,2,256,256,33.86589230000391,7.559227961047124
5,3,16,16,1.7205392000032589,9.299410324373715
5,4,32,32,3.8273386000073515,8.360901227797962
5,5,64,64,8.253098199988017,7.7546635759275135
